{"cameraMode":{"drawMode":0,"name":"Shaded","section":"Shading Mode"},"sceneLighting":true,"audioPlay":false,"sceneViewState":{"m_AlwaysRefresh":false,"showFog":true,"showSkybox":true,"showFlares":true,"showImageEffects":true,"showParticleSystems":true,"showVisualEffectGraphs":true,"m_FxEnabled":true},"in2DMode":false,"pivot":{"x":1.522923231124878,"y":0.41499999165534975,"z":1.945919394493103},"rotation":{"x":0.0072336518205702309,"y":0.989707350730896,"z":-0.054100945591926578,"w":0.13231323659420014},"size":0.8660253882408142,"orthographic":false}